pos_diffx,pos_diffy,pos_diffz,vel_desx,vel_desy,vel_desz,acc_desx,acc_desy,acc_desz,velx,vely,velz,accx,accy,accz,roll,pitch,yaw,Tf,Cost,controller_ID
2.3297770618614533,1.1641890452076473,-13.19630094496325,0.0,0.0,0.0,0.0,0.0,0.0,0.392306076842457,0.3681952146844817,0.2818302455768239,0.14510126561368922,0.046359655675272116,-0.10672429472697498,-0.18008399138583386,-0.12937279891842407,0,11.283608243985485,690804.6544937649,Backstepping_4
4.312491676908277,3.6046589827992674,-12.080322028783009,0.0,0.0,0.0,0.0,0.0,0.0,0.06703867366124383,0.07165731098228878,-0.08307068244817739,0.07888165311816445,-0.08066714945172561,0.11290535017320388,-0.07931521161047833,0.16988430869090493,0,12.067377347723564,774189.7519772974,Backstepping_4
2.2061570647996565,1.4178424685037867,-6.700564932153403,0.0,0.0,0.0,0.0,0.0,0.0,0.2259053167756807,0.3444194547254513,-0.16331572225109214,-0.10964400509753186,0.13987245142668167,0.024695328025381325,-0.05026310162607811,0.18066363609985026,0,12.657518795165,241140.36194217845,Backstepping_4
-4.378953985587158,-1.9175957722211607,-7.858116060503716,0.0,0.0,0.0,0.0,0.0,0.0,-0.1972731279697814,0.09025394065881331,0.208588104892106,0.028442555683747955,-0.0004032175372297997,0.05362531302251905,0.02283733099625429,0.211738184747007,0,9.728670040415125,244105.1765834754,Backstepping_4
3.794721597536211,-2.0265486354399425,-8.19074580565961,0.0,0.0,0.0,0.0,0.0,0.0,-0.12136938923055673,-0.36970981100330136,0.01074114162250056,-0.0268870114363714,-0.10516253427145505,0.022410802171985322,-0.14742234831347123,0.14199469171715434,0,5.223931144563842,70587.05434908309,Backstepping_4
-3.5700801274340384,5.060442147046588,-9.183077355166207,0.0,0.0,0.0,0.0,0.0,0.0,0.15977187025026507,0.26076861988811306,-0.125046511355973,0.034289193863275946,0.10904880502450573,-0.10487999240239015,0.13751443999736473,0.08452500242901456,0,5.9319118966908215,128770.17509703088,Backstepping_4
-4.835738860139569,0.7733369662259344,-6.800836716842512,0.0,0.0,0.0,0.0,0.0,0.0,-0.2419197718743135,-0.03991681322237095,-0.37899443673765365,-0.08608857034451069,0.043502115922846,-0.04853162860789825,0.0444263862713567,-0.19245948341829172,0,8.847692035687349,15719.0920818089,Backstepping_4
-1.492569449194161,-0.7740450755527184,-5.274667277325194,0.0,0.0,0.0,0.0,0.0,0.0,0.2999479416225528,0.1855510212269632,-0.07781444756683314,0.11564526892916413,0.0005103515361881417,0.06612026492315437,0.0828254010296069,0.15965412993502576,0,7.00980229774396,4738.653199779497,Backstepping_4
4.293766847988021,1.8539947080696009,-7.5179258230455535,0.0,0.0,0.0,0.0,0.0,0.0,-0.10065268394236382,0.027887308514754294,0.2043402872646033,-0.01965074186713467,0.0750112413411824,0.09665807364337409,0.12334828996615133,-0.02551815034041771,0,6.7001758724525,11179.384932134753,Backstepping_4
2.5361359946226285,-3.0430308429460355,-6.525154071699701,0.0,0.0,0.0,0.0,0.0,0.0,0.21569981079807976,0.0338780186728041,-0.30752178570715494,0.014172250377634865,-0.14590626474606153,-0.10273865935062702,0.04775747090800403,-0.025124049118018743,0,9.57859869234289,15061.77879928337,Backstepping_4
-2.488880145948162,-4.396265295851698,-9.380388429384588,0.0,0.0,0.0,0.0,0.0,0.0,-0.06792220552065908,0.3685401244394828,0.2859097782135107,-0.1447898468999544,0.11214326246813763,-0.004373965806250907,0.07311846267208738,0.17582653092198358,0,6.959966765285122,17100.71715941326,Backstepping_4
5.925938635321913,4.416132434782532,-12.503804351112965,0.0,0.0,0.0,0.0,0.0,0.0,0.34153627748087334,-0.13760783982973218,0.06787658250411532,0.10316631901711718,0.12834104679880223,-0.07924175690240699,-0.013937147984684373,0.13446978699733653,0,5.859992299763202,21707.77338310954,Backstepping_4
-0.20740266712144484,-0.9947253545956691,-9.04908508404695,0.0,0.0,0.0,0.0,0.0,0.0,0.2522635695948833,0.024493737098230384,0.3715793581219896,-0.04900619244735312,0.07828514148919302,0.021416140825266022,-0.018218359400844986,0.16017183612300256,0,7.60532956298626,15395.257943877734,Backstepping_4
-0.19176239346269464,2.122298418740005,-12.82883338998102,0.0,0.0,0.0,0.0,0.0,0.0,0.058335167620800654,-0.2714086234888953,-0.21512959655582478,0.10434584864894877,-0.06248619601582775,0.0943165206485719,-0.007598080505833049,0.09841744844352623,0,5.062084634853021,12968.564668138837,Backstepping_4
-0.18998729430956152,0.5924781103054837,-9.369468281899817,0.0,0.0,0.0,0.0,0.0,0.0,-0.031467023588259035,0.30851299385177233,0.026108680820817298,0.04903427803165189,0.08042520577023704,0.0035941354060832487,-0.2263418128768711,0.07788104784786715,0,8.5236432820688,19658.25700056428,Backstepping_4
2.4412159691291384,2.6706848312865827,-11.883540919474475,0.0,0.0,0.0,0.0,0.0,0.0,-0.28249316384524104,0.2669939325653211,-0.3132921209218731,0.025094889414726762,-0.0736500985718321,-0.10492631729288476,0.11369596124939763,-0.02665753091963019,0,7.531173441873062,26113.617415060144,Backstepping_4
2.495604393944331,1.1441972517188734,-4.968691426204927,0.0,0.0,0.0,0.0,0.0,0.0,0.06886579004529692,0.3931180765565365,0.12246094474111957,0.0028217901228822784,0.01746592891646609,0.12122966323492865,-0.24952954449355935,-0.23159359077037828,0,9.933776133888854,10000.700792529058,Backstepping_4
0.792626697594009,3.0203260105597574,-8.189806283479701,0.0,0.0,0.0,0.0,0.0,0.0,-0.38188591083708606,-0.2023268403682571,0.22021785811038463,0.03255758919610663,-0.10247323037500992,0.08302116207136154,0.1431076734522706,0.035668586760188026,0,6.326244010080433,9743.53340641615,Backstepping_4
1.7289346585287606,3.0908917771408464,-7.190349393234449,0.0,0.0,0.0,0.0,0.0,0.0,0.16971034635583893,0.35389573068791724,-0.09314060824507975,0.12969794751272953,0.09397662376236085,0.049714913290914986,-0.22501621392296361,0.21506308067834468,0,9.71141909032537,17985.55955304733,Backstepping_4
2.480907590445311,-3.9794460621774577,-5.280072299314883,0.0,0.0,0.0,0.0,0.0,0.0,-0.214776713194446,-0.18686166551295091,0.15153659566137967,0.07502371451361009,0.05386347440140091,0.07391868677881083,0.20537560878865246,-0.08710126715246241,0,6.049269707032947,5579.863880485957,Backstepping_4
0.22108364376265488,3.8363105909961113,-13.916169453721132,0.0,0.0,0.0,0.0,0.0,0.0,-0.23078401933609172,-0.13557990061001662,0.29171335430743095,-0.017747349671938584,-0.10535852790821991,-0.12079160487993562,0.130303238396331,-0.24131516379484547,0,7.989840775807579,39820.2979960913,Backstepping_4
2.8468655992838685,0.8126958592388229,-6.823373254184836,0.0,0.0,0.0,0.0,0.0,0.0,-0.3952666014645,-0.22504784394279645,0.3797821819626577,0.047272566913638736,-0.11891667067380972,-0.01709743083053797,-0.24202554737007864,-0.14438796523725528,0,7.597242885111029,9940.483298265963,Backstepping_4
-1.5818879536704307,0.5163778525461877,-8.127224779128598,0.0,0.0,0.0,0.0,0.0,0.0,-0.23256953994653512,0.10744680598590728,0.02072126084460857,0.07182698019237552,0.05422532884725148,0.04817676009053398,-0.19729159228212478,-0.16603007127881964,0,7.98948858845776,13028.723349730253,Backstepping_4
-2.8826742563896537,-3.864681737087005,-12.945765759224145,0.0,0.0,0.0,0.0,0.0,0.0,-0.10137956784593544,0.22075276427917223,-0.27667378943826126,0.011426802620983195,-0.08979343879282023,-0.13597581790177465,-0.045987980177791876,-0.200946538663631,0,7.04875096161091,28101.586752025563,Backstepping_4
5.084092250044933,3.4162433030252237,-12.961880245371457,0.0,0.0,0.0,0.0,0.0,0.0,0.038655356927464246,-0.08474903150883195,-0.17559337295364552,-0.06928040669040142,0.08776057116997618,-0.0784719591749801,-0.012214696078473253,-0.07910099074635796,0,8.01027586838853,0,Backstepping_2
0.6015066805454152,-4.709767047535905,-10.016497426744472,0.0,0.0,0.0,0.0,0.0,0.0,0.34872283341016175,0.17015619719892805,0.08126350696052792,-0.13187228013220031,-0.0949763587672183,-0.02445333065093322,0.012317253480940371,0.11692105569367689,0,6.133452704326273,0,Backstepping_2
-3.501310300385439,-6.0262150459202255,-9.581933488531503,0.0,0.0,0.0,0.0,0.0,0.0,0.25181042213565885,0.29207303552396924,-0.3765985232925464,-0.039627319606458544,-0.04518722935696702,0.11608976390484729,-0.15824966262325668,-0.084487872952135,0,9.866189698148716,0,Backstepping_2
4.15052330251713,4.529342993483441,-11.401883391365207,0.0,0.0,0.0,0.0,0.0,0.0,0.35896680750638577,0.3238478205861829,-0.18273990207674162,0.1457825037145505,0.11582827674649163,0.026979290855354082,-0.1306910655945318,0.2396098876175986,0,5.031154955784418,0,Backstepping_2
-0.45431220981524234,1.1369693135155887,-9.718021812668914,0.0,0.0,0.0,0.0,0.0,0.0,0.2418510201717916,-0.02609682482202985,0.27425431812761525,-0.10315489397654158,-0.05942893272812384,0.11776399815443642,0.21435774871553742,-0.03345889837737842,0,6.603263509128424,0,Backstepping_2
-3.4258712884534765,0.5032208061568948,-5.98078004164502,0.0,0.0,0.0,0.0,0.0,0.0,-0.36925096635200244,0.035153619490681354,0.19930005472523016,-0.06733869429302333,0.10054371646998603,0.032081574405729146,0.039064988113227284,0.22780944857946223,0,6.812505312514179,0,Backstepping_2
-0.8523346262019724,-0.5327442662177511,-8.946798674149216,0.0,0.0,0.0,0.0,0.0,0.0,-0.04107049214246128,0.2245575513924506,0.2640265859546407,0.06979506420381465,-0.04574000529001877,-0.02006944482159606,0.10019528201088768,0.21109279790522284,0,7.881235030124774,0,Backstepping_2
-0.8996394723337175,-2.354735742563142,-7.5942391059799474,0.0,0.0,0.0,0.0,0.0,0.0,0.0462104843482769,0.3136572982963973,-0.05699685230618218,0.11103924638836718,-0.00024389285419870732,-0.09094217688742066,0.16115692729546988,0.0054518105715433696,0,6.730900014823787,0,Backstepping_2
-3.21755240325348,-2.746012831502016,-4.39025339400362,0.0,0.0,0.0,0.0,0.0,0.0,-0.35911432707085683,-0.3100040647118072,-0.18676675608178003,0.08025084886218758,0.12715335267029496,0.017742263571664807,-0.21988769275384012,0.012957323187760827,0,7.696855310119333,0,Backstepping_2
-2.90640402525592,1.2418724176806877,-11.32669282062515,0.0,0.0,0.0,0.0,0.0,0.0,0.21598070805616298,0.10832477785543626,0.298915753232852,0.0074692357928394515,-0.09105630703394724,0.11864075513081182,0.12093865438062257,-0.10538719512219852,0,6.407656153233676,0,Backstepping_2
4.487115023918075,-6.068265169002217,-9.470922642715228,0.0,0.0,0.0,0.0,0.0,0.0,0.20461693601192077,-0.14602165285760577,-0.3459914335070643,0.09803922692035233,0.10769145735827804,0.03926639228926332,0.010468825374665702,-0.04448769193553992,0,8.517733873488515,0,Backstepping_2
1.7082024378819107,2.470644915181549,-9.919226541856723,0.0,0.0,0.0,0.0,0.0,0.0,-0.26815797603608327,0.17727919956391358,-0.3941196506302391,-0.03851021112855729,-0.06789290046580065,0.12218700055376217,-0.21785413581781204,-0.2445734989782945,0,9.760881730153347,0,Backstepping_2
5.822033915312154,0.38338400440002207,-8.637934925103037,0.0,0.0,0.0,0.0,0.0,0.0,0.21311701424777318,0.17731107092258658,0.07615885148105195,0.10320580022413925,-0.13756410497859747,-0.12737025643181102,0.10861500253412659,-0.07634260173457064,0,6.500984766151793,0,Backstepping_2
1.695560930316633,-0.043709076196639884,-7.616032142824148,0.0,0.0,0.0,0.0,0.0,0.0,0.29840374416530513,0.2778048319680163,0.2753595248146804,0.08339600872070599,-0.09737992918331628,-0.11965588541013256,-0.042173555926708184,-0.06102858714537035,0,5.787736681479544,0,Backstepping_2
-0.6212456258453725,-1.8238470549135983,-8.884068660510911,0.0,0.0,0.0,0.0,0.0,0.0,-0.11227469426501202,0.38061156001643703,0.3881702431957471,0.10919241942184324,-0.06999453655045242,0.06554310661747867,0.03836858697061285,-0.22423830918373655,0,5.4493233980867,0,Backstepping_2
1.743108542754316,3.8155291366320268,-5.3623722502799716,0.0,0.0,0.0,0.0,0.0,0.0,0.22678999094230623,0.2454712715144286,0.18942108266832114,-0.07928652711760606,-0.07104213121826314,0.0272366834835156,-0.1689396160370551,0.19484391869368584,0,6.135242994905645,0,Backstepping_2
0.616961740787421,-6.078504813246406,-10.72228967274004,0.0,0.0,0.0,0.0,0.0,0.0,-0.0488637926961869,0.2531906882692635,0.21232006310829898,0.1241560223458186,-0.14881307640004177,-0.1323446241937913,0.2204583270222376,0.24951285440553256,0,7.871020400634962,0,Backstepping_2
3.600734806003754,0.930060742695896,-8.138410375753672,0.0,0.0,0.0,0.0,0.0,0.0,-0.09280349843986802,-0.1730924975066609,0.019723898411442398,0.002341649133404483,0.1003722126935854,-0.08958577119010494,0.12478224229239132,-0.22591539534195054,0,7.227349756439772,0,Backstepping_2
2.4205680594085424,1.0070310161141736,-5.439308994046015,0.0,0.0,0.0,0.0,0.0,0.0,-0.024130645488902203,-0.2599364330430657,0.3348420271552589,-0.03351115193230089,-0.01565096748407166,0.1079440982115625,-0.03620787546183163,-0.11871820167594832,0,5.145235286081227,0,Backstepping_2
0.6996146793846996,2.327902692164481,-4.636705788673694,0.0,0.0,0.0,0.0,0.0,0.0,0.015586914756813897,0.1969421919430645,0.35733974475774455,-0.06506971192236431,-0.03623362474526884,-0.12185290608057585,0.22161228327251115,0.13579724093379275,0,6.147306506355322,0,Backstepping_2
-2.0743472466273447,3.94606502977937,-12.597742651633002,0.0,0.0,0.0,0.0,0.0,0.0,0.17147282580373746,-0.2543138999332806,0.14051041130805664,0.06308253965786811,0.06833349252889007,0.007524784039261406,0.023364564465735427,-0.04083887547830556,0,9.56145447590272,0,Backstepping_2
-0.553894694994657,2.388180474874425,-4.5494715535778285,0.0,0.0,0.0,0.0,0.0,0.0,0.2850514222607827,-0.20023407593103226,-0.2844560445580121,0.016093104675395403,0.0394404596860472,-0.06934164455580052,-0.09646668565954997,0.09745296096713119,0,9.904855588852115,0,Backstepping_2
-4.532674348243778,-1.7867451624097175,-12.213032552383813,0.0,0.0,0.0,0.0,0.0,0.0,-0.3068837767866799,-0.27444739096325954,0.34705118871169827,-0.06074802025911308,-0.146524743036315,0.09180750441655469,-0.1439197147902817,0.18954234410404913,0,6.052932999394688,0,Backstepping_2
0.5773384014350227,3.2306697607869217,-9.528726740781467,0.0,0.0,0.0,0.0,0.0,0.0,0.17358963613929812,0.17429187084523756,-0.27342928471928546,-0.09831765697114025,0.13831225256819987,0.08687227148458995,0.159022437790456,-0.2192828817609302,0,6.348328201628391,0,Backstepping_2
-2.8176087429427636,5.186418960849759,-8.368806355470204,0.0,0.0,0.0,0.0,0.0,0.0,-0.034884211036230184,0.1243757226151021,0.07380075548818193,-0.06065220859534459,-0.08339785244759833,-0.05879593413139762,0.011562747248783922,-0.1789774466326377,0,7.646792683253616,0,Backstepping_2
-0.5159727986000746,-0.9284128963562552,-8.974826434576245,0.0,0.0,0.0,0.0,0.0,0.0,0.3161801107905844,0.023046801119989635,0.3177552927877174,-0.07055021860202247,-0.07155084170877225,0.04246570057375598,0.19566635474206062,-0.012217822556886526,0,8.624050230812502,0,Backstepping_2
-0.31592032124467195,3.498729312259285,-4.9900717005104855,0.0,0.0,0.0,0.0,0.0,0.0,-0.30955787875490137,0.026989139724688083,-0.00771343024475335,0.09980132855571819,-0.14343293095776719,0.13562139752641697,-0.22528376355373325,0.1646761013702273,0,5.851253619733999,0,Backstepping_2
3.4686081082438025,0.47374111888069637,-5.871489457872307,0.0,0.0,0.0,0.0,0.0,0.0,0.22826654358117437,-0.3087405718341308,0.1253474455829504,0.017951772979950098,0.14860364727792394,-0.11477203088778712,0.05383642687723744,-0.16180500510372747,0,8.267919289748857,0,Backstepping_2
2.0262662557198667,0.8690424882356833,-7.418707236880307,0.0,0.0,0.0,0.0,0.0,0.0,-0.07580376203451439,-0.31927877954491524,0.30992780626657,0.024983663276500367,-0.01998836301603038,-0.12050741531074136,-0.16868762791664987,0.19190549595301537,0,6.666028725040656,0,Backstepping_2
-5.254594720500769,-0.4244417914149974,-8.214466666807162,0.0,0.0,0.0,0.0,0.0,0.0,0.31591197396657267,0.350330397882784,0.24792854097061445,-0.0182434304120368,-0.13171534220257644,0.014384519039700838,0.19803855159502826,-0.14831759111574905,0,7.789863765596914,0,Backstepping_2
0.28144838734097366,-3.94019370865334,-13.097941679659165,0.0,0.0,0.0,0.0,0.0,0.0,0.23255229453473925,0.2775871299064714,0.08153228062907436,-0.05865577114656044,0.08314010846107853,0.08966185663737355,0.1837239102630071,0.06879379628087856,0,8.421426587352334,0,Backstepping_2
5.389244370625949,-1.5831595779145164,-9.926256621790616,0.0,0.0,0.0,0.0,0.0,0.0,-0.2702208533320881,-0.011712725428021376,-0.19229048587070974,0.03657657517509619,-0.05157166445531246,0.023382144414024197,0.030377161761498628,0.2208856732044307,0,9.624820579413097,0,Backstepping_2
3.02981145789548,3.491321425567303,-7.365234696963136,0.0,0.0,0.0,0.0,0.0,0.0,-0.25760799574949345,0.062380959245031675,-0.04606869416382403,-0.13727914845020261,0.06800399013591854,-0.07302843352904444,-0.19738883712775085,0.10903262750846449,0,7.162189282408608,0,Backstepping_2
-0.06516591458336718,-1.2874089912089133,-10.478230631377684,0.0,0.0,0.0,0.0,0.0,0.0,0.36418476011520473,0.14218100142733492,0.08093560659923354,0.024093424500694294,0.06811880266988857,0.13621445776742006,-0.08280485054079972,0.11060212194002483,0,8.490230877921437,0,Backstepping_2
-2.1468760656691286,0.7008459986483819,-3.7397177152956345,0.0,0.0,0.0,0.0,0.0,0.0,0.33004330086504996,-0.30680398940005615,-0.3948805457230338,-0.14705282978166526,0.10538410091345138,0.07823005447845452,-0.22111009272002013,0.00892868901615812,0,6.67360634920608,0,Backstepping_2
4.401964645668904,2.4884938389302573,-9.428127725648611,0.0,0.0,0.0,0.0,0.0,0.0,-0.39350447492224805,0.24941477340840867,-0.27497288658600444,-0.050426959571306065,-0.0026047999959431245,0.03030066864215325,-0.2461127545810225,-0.2354553559986084,0,6.7255734616254275,0,Backstepping_2
2.8075667254648224,3.7913941689303097,-8.445668668957383,0.0,0.0,0.0,0.0,0.0,0.0,-0.21356186919827502,-0.3777390043717331,0.14721756029248967,0.09939130636624074,-0.14922399320756477,0.02701927954968325,0.24860718791707176,0.17614278909882097,0,8.588018848659651,0,Backstepping_2
2.254894436398317,3.647784977627567,-11.76768204588693,0.0,0.0,0.0,0.0,0.0,0.0,-0.3979190943165855,0.20436141663600427,0.16905378358096101,0.036716747342876,0.10397750300373851,-0.04497852489062333,0.0969167304175933,0.02070763911030632,0,8.990299659515008,0,Backstepping_2
4.434953515344148,-2.2117125863935003,-5.376287227550952,0.0,0.0,0.0,0.0,0.0,0.0,0.06777213607462917,0.12938077254205682,-0.3490400171543533,-0.13086659256510105,0.04749138824123672,0.06909821643434061,0.2365981422401453,0.2344797037674416,0,7.460328450750261,0,Backstepping_2
2.9180535262187135,0.45408359482214644,-7.626379085595925,0.0,0.0,0.0,0.0,0.0,0.0,0.3203304383587543,0.13053922071543655,0.3713014454535254,-0.013060282344202478,-0.14604806028420905,0.10899184666644593,0.21574669918682948,-0.17041270953846516,0,8.160357824416817,0,Backstepping_2
-0.7741470719111985,4.265015050129483,-14.041399167612102,0.0,0.0,0.0,0.0,0.0,0.0,0.22558360705067437,0.35804993603345714,-0.014074428872492883,0.01996946969880181,0.1179143230017076,-0.024437950286472,0.11333428546055674,0.16216213978212868,0,7.413118019705413,0,Backstepping_2
3.5824665084730007,-0.8970477021863545,-9.52203551335422,0.0,0.0,0.0,0.0,0.0,0.0,-0.08362970705930134,-0.3966112251948408,0.03819520267577198,0.11277931731470545,-0.02987690864440226,0.11258487519962859,-0.16851736258100886,-0.12545594712880537,0,6.698435854088958,0,Backstepping_2
0.912136260792265,1.077789089239737,-5.279407185522494,0.0,0.0,0.0,0.0,0.0,0.0,0.04841244009772472,0.23730010242737964,-0.04532919968912569,-0.04384912865708154,0.04498722829235427,-0.050586884200414545,0.1458026664468015,0.031752723730662735,0,5.271213783766088,0,Backstepping_2
0.9849192681216543,-1.3184768505912565,-13.669759820150142,0.0,0.0,0.0,0.0,0.0,0.0,0.09075264501389385,-0.09180808305793314,-0.1498401167680123,0.13094874707339335,-0.0036614732266394834,0.0960783133132394,0.14649000213162866,0.07707790999632436,0,6.260714928007129,22160.281599425005,Backstepping_4
3.3598685501072922,-2.301629671039897,-7.190655941984584,0.0,0.0,0.0,0.0,0.0,0.0,-0.007266163434343942,0.16978049663199968,0.058384960805437924,-0.12729403831844419,0.024449617429109366,0.009650840799181076,0.054029312615944514,-0.15946896933318006,0,9.681587506271173,19391.17679197181,Backstepping_4
-0.27683822218253384,-2.308080386274854,-13.438165656902855,0.0,0.0,0.0,0.0,0.0,0.0,0.054273707709807884,-0.23021640516906425,0.37792762391011114,-0.04927059426255233,0.05769937219731963,-0.022747832668336687,0.19908102567950658,-0.021235338742146947,0,6.014938280647344,20952.962233759754,Backstepping_4
-5.0015575627590945,-2.511252759638511,-11.985091542526801,0.0,0.0,0.0,0.0,0.0,0.0,0.39470950045192044,0.12709090251751265,-0.32869959085563494,-0.06705010821048438,0.08977887025389922,-0.0307103090942559,0.19051365286005295,0.16427661506263525,0.0,7.410917859186457,29216.30868258094,Backstepping_4
-4.11731648193485,-2.742662554242374,-9.81289903889404,0.0,0.0,0.0,0.0,0.0,0.0,-0.12464043946584075,0.2044032760625677,0.03901483072424289,-0.1086367428895311,0.12670221105374843,-0.14437643622372087,0.13137212447959296,-0.0721109036226481,0.0,5.195172912410462,9543.660385328574,Backstepping_4
2.6454612513316347,1.5077815650054376,-4.474806680147492,0.0,0.0,0.0,0.0,0.0,0.0,0.3326088360080379,-0.05352304205067604,0.14309549449718906,0.04892997726348877,-0.0984745080525764,-0.13788031032945744,-0.039352180499881984,0.20853085632300006,0.0,5.078072068065709,2226.842844151003,Backstepping_4
1.6820118780944466,-0.9289728090737097,-9.293072223147105,0.0,0.0,0.0,0.0,0.0,0.0,0.15098925475205105,0.11397117826353109,0.28340199013047884,-0.10943416494884459,-0.006844175361573224,-0.09440957092273417,-0.09567508823034582,-0.1900678361946772,0.0,7.871582729584377,16866.482079272184,Backstepping_4
-3.6125136848467294,-1.8090504078684022,-7.597974283211251,0.0,0.0,0.0,0.0,0.0,0.0,0.17442898145083685,-0.26692916181653903,0.2978087297062306,0.1046852246497548,-0.14253491269268087,-0.0811948041805845,0.16169633723540744,-0.15806883003141498,0.0,7.094557093426,11237.363556006861,Backstepping_4
-5.190468820297744,2.2644917290112714,-4.8506143888183875,0.0,0.0,0.0,0.0,0.0,0.0,-0.0012804122355393188,-0.17273526649817603,0.27375814004551013,-0.015046149317395618,-0.08451753833722053,-0.07003875239322323,0.10867752723451907,-0.11110677588115819,0.0,6.260882411640096,6665.335790531979,Backstepping_4
-0.17345355474266588,2.5802371547251437,-10.959670188294561,0.0,0.0,0.0,0.0,0.0,0.0,0.3136055646949317,0.08627823011445879,0.3090168005124928,-0.06408369886096128,-0.1404288278287122,-0.08283978133697788,-0.07255853054000933,-0.14878250319451314,0.0,5.930651568292922,13762.348717568586,Backstepping_4
-1.867883540110424,1.2692362801111448,-9.901240456806866,0.0,0.0,0.0,0.0,0.0,0.0,0.07553984360514521,-0.2998284688103908,0.16568233906802043,0.08377789445098005,-0.031749562073230514,-0.025490556899714467,-0.22746826839031298,0.1562450979750068,0.0,8.097736871010493,20266.933089555172,Backstepping_4
-2.7714903321535025,-0.30391067964110086,-8.451511558617286,0.0,0.0,0.0,0.0,0.0,0.0,-0.08717188298603518,-0.3854887457195566,-0.13347391453331758,-0.01874520274412289,-0.020834916996796432,-0.009993012229942283,0.17853114920645208,0.042985060783258866,0.0,5.771140133151092,7778.502856910378,Backstepping_4
-2.063189302982535,-4.570669855787193,-8.65798588691387,0.0,0.0,0.0,0.0,0.0,0.0,-0.001661911810593053,-0.35560997779086984,-0.2275597635719338,-0.14547535455772687,0.03867706994603343,0.035710975493364744,0.06566195243358874,0.23506036777207295,0.0,9.055600179934181,23927.077292784583,Backstepping_4
1.1537802410609541,3.1911136812364944,-9.457889860625407,0.0,0.0,0.0,0.0,0.0,0.0,0.3253579717060452,-0.26662821459208247,-0.08313615318119566,0.009146013128370767,0.13541106005793505,-0.04278704648052559,0.14053497238053309,-0.15268387806627637,0.0,6.681137532929973,13286.13334890232,Backstepping_4
5.11872123080364,2.1089632404695724,-6.637307421572865,0.0,0.0,0.0,0.0,0.0,0.0,-0.334926670763268,0.06479599368321914,-0.1349640446445034,0.02389994754029673,-0.11782545382720672,0.134822292007969,0.1033700311296113,0.07178119669861138,0.0,6.726737416121104,10458.05281379476,Backstepping_4
-1.9148523428169621,4.448432618323488,-8.602959728211674,0.0,0.0,0.0,0.0,0.0,0.0,0.0793290626876818,-0.21582431463548862,-0.04438987339611683,0.03391393218110711,-0.05061197170269589,-0.1079411587876632,0.23830671986846685,0.15297943315922585,0.0,9.686446720845137,27088.688368141142,Backstepping_4
1.3573328782732066,-2.114800672747186,-4.519610385599552,0.0,0.0,0.0,0.0,0.0,0.0,0.3668950475468975,0.09908291512948253,0.12143140865665636,0.04740798669307006,0.11822597383344038,-0.04456612632833819,0.1749830086522714,0.017882080838866055,0.0,9.9201837050961,8155.111266823011,Backstepping_4
-4.0100217877755515,2.5627518497057085,-12.270202971726137,0.0,0.0,0.0,0.0,0.0,0.0,-0.2767459291694346,-0.327287439784349,-0.16129059631544554,-0.033140653474350815,0.09863284805269856,0.13016101426250978,0.1305831469645013,-0.23442296800433754,0.0,7.150954424497515,26540.240355358277,Backstepping_4
-4.5868724775706955,-1.4841970928568888,-11.884420635722066,0.0,0.0,0.0,0.0,0.0,0.0,-0.1270163762959703,-0.0256131163145924,-0.32050962768804636,0.08320557254069044,0.012173194451933378,-0.017166813084015936,-0.1931972291975838,-0.19037885212236122,0.0,7.414318759712882,27159.229577039052,Backstepping_4
2.9134859306542715,4.376260591268762,-12.373166249841677,0.0,0.0,0.0,0.0,0.0,0.0,-0.08957836114230133,-0.23790888856956993,-0.27608943004871533,0.02497500501050154,-0.12096074059253363,0.10603973064664454,0.1357364442413121,0.1676120062806954,0.0,6.957761332810421,26197.62177823957,Backstepping_4
-4.985366712288014,-1.2193290054297612,-3.481929341162094,0.0,0.0,0.0,0.0,0.0,0.0,-0.3663907356838255,-0.21926672479274123,-0.18054938376643692,0.10338216984212692,-0.10525718090501324,-0.052125049347745936,-0.10777844655711394,0.19425223927723573,0.0,5.265524474063474,3090.7420601974163,Backstepping_4
4.620819696479728,3.8838482806863657,-8.739211999456531,0.0,0.0,0.0,0.0,0.0,0.0,-0.11389523752338321,0.07916427705449253,0.26192518860692793,0.11631934831706023,0.08416252366312915,-0.14940068348954338,0.037367836921558095,-0.22567709011303583,0.0,6.933376164691834,16525.500472383625,Backstepping_4
1.4751030983566435,5.727133078934652,-5.7214205904837065,0.0,0.0,0.0,0.0,0.0,0.0,-0.3441545246892801,0.09703807653122859,0.014668814545250097,-0.0775270141947167,0.05352808222804645,0.01689047458929696,-0.04754628065286187,0.011036529221812974,0.0,8.376343649517844,14206.583789942662,Backstepping_4
-1.495213908997151,0.23686175269659993,-10.842163589459862,0.0,0.0,0.0,0.0,0.0,0.0,0.38586153158358194,-0.2849018433424516,-0.015705429209945887,-0.0032891393622948017,0.1437784303505312,0.14872464269421146,0.23718777494707538,-0.09084034582263817,0.0,5.779778390967895,11959.926332376788,Backstepping_4
-4.64532268591549,-4.438866620387142,-11.858466992294597,0.0,0.0,0.0,0.0,0.0,0.0,0.36495118758186285,0.2391194496109037,-0.21613289634884927,0.13446636802101505,0.0722322719336986,-0.1292630011054134,0.19184893002408093,0.025981292859875493,0.0,7.9709153317430035,34496.85945393879,Backstepping_4
-0.07571843433585546,-3.829358178104885,-4.2950946160007035,0.0,0.0,0.0,0.0,0.0,0.0,-0.25448662477916995,-0.08366117097910619,0.02119499902908728,-0.05934675321296899,-0.0590448664575436,-0.13301342112857764,0.1597916788384417,-0.14992510133776304,0.0,6.718601594869826,4516.951556708957,Backstepping_4
0.6885253262795801,-1.4007094421122779,-9.72980141546188,0.0,0.0,0.0,0.0,0.0,0.0,-0.022421122307066887,-0.31048585329344597,-0.36091993325110283,-0.09780045947538972,0.04872764078560504,0.049534304297774445,0.14791466708827838,-0.23335130669906884,0.0,9.223217340257758,24335.4390723383,Backstepping_4
3.4062557876045085,-0.062431230157244944,-8.075728173627198,0.0,0.0,0.0,0.0,0.0,0.0,0.16116288029321102,0.28945758847102865,-0.05975991018972476,-0.01915688536637941,0.13350148714029056,-0.002880912511800282,0.12873642263356655,-0.22764100930659664,0.0,7.347189810624632,0.5646448497212003,Backstepping_1
-0.7668502265919761,5.02140346228712,-7.81140968678183,0.0,0.0,0.0,0.0,0.0,0.0,-0.3337447721340041,-0.06522551092316509,0.03790442679024142,-0.1274036667632164,-0.14604172206319088,-0.027312785664038927,0.23854761690378706,-0.13826735917447874,0.0,6.304992688358483,0.6688540772516433,Backstepping_1
3.477610940778215,0.6750485433957762,-13.1615787065179,0.0,0.0,0.0,0.0,0.0,0.0,0.37982929873048243,-0.2439321662355579,-0.2899293066853075,0.04338974929253042,0.1374904127170367,0.03540939943519389,0.24013387814726478,0.19525073414608413,0.0,8.923865744951492,1.03292804362317,Backstepping_1
-2.0410856581675216,0.8065179712406749,-6.212127487462517,0.0,0.0,0.0,0.0,0.0,0.0,-0.23884012503410662,-0.30425953016541796,-0.012239203324105996,0.05270591394784063,-0.006897593407564073,-0.10705971431099051,-0.12040223585610543,-0.23918159608048845,0.0,8.306246362056497,8.076455779826745,Backstepping_1
-3.383196137232954,4.695232758995047,-5.979728313911967,0.0,0.0,0.0,0.0,0.0,0.0,-0.22896405778628717,-0.23242350120244046,-0.03730482447944217,0.06360208513230348,0.11646444617884463,0.020491218103102837,0.01872152047796377,-0.0002984987575834208,0.0,7.714202996305735,0.2543380715528504,Backstepping_1
0.1801913390234171,2.746343561777098,-5.251357838392568,0.0,0.0,0.0,0.0,0.0,0.0,-0.03929676340821625,-0.1702448565258705,0.39465227435183425,-0.07091607056174173,-0.008453894463358702,0.11121291272332709,-0.17279311883817988,0.036244447237248956,0.0,5.583102066059093,3.9242517907906955,Backstepping_1
-3.6229115730709265,-0.2297160244537575,-13.133656090634249,0.0,0.0,0.0,0.0,0.0,0.0,0.350457218679199,-0.02895544015524082,-0.12413558808858632,-0.0019156340367030844,0.08702140766116953,0.14055436967373794,0.12831558840830398,-0.19310732764336158,0.0,5.416090993947698,1000000.0,Backstepping_1
-5.493098305870083,3.862272622621255,-6.668594718968144,0.0,0.0,0.0,0.0,0.0,0.0,0.34764198509617283,-0.2307606919389433,0.243809136559062,-0.008981006252313045,0.07226252754665041,0.007138659811739445,0.15261718906106608,-0.16316825506709126,0.0,6.661322863670469,1000000.0,Backstepping_1
0.372916129164671,-1.6454391541493152,-4.148215807227847,0.0,0.0,0.0,0.0,0.0,0.0,0.06122113260195822,0.025414625752830378,0.06042793463514018,-0.08623062429658974,-0.09921321543111597,0.1154064462756392,-0.17033493761524165,0.11840959994297734,0.0,6.761250375941486,1000000.0,Backstepping_1
-2.584477884621606,0.42252124725533013,-4.179244547913131,0.0,0.0,0.0,0.0,0.0,0.0,-0.3928619090083997,-0.3344550001684315,-0.3874040329035047,-0.01096195143104578,-0.06190058898563651,-0.11659914490386222,-0.0034453538821999086,-0.031635418403732685,0.0,8.680885162409702,5.9618279973819215,Backstepping_1
-2.8157752206081836,-2.9816264696947568,-10.529574132993723,0.0,0.0,0.0,0.0,0.0,0.0,0.07968028560314455,-0.037663969172021805,-0.14924930050778284,0.0396546054586884,-0.1367796141274093,0.0053064648567858475,0.09614519330199311,0.07430515015000938,0.0,8.25317197485852,8.414526305392508,Backstepping_1
5.7194987069510095,3.6455530834141783,-9.986246071305432,0.0,0.0,0.0,0.0,0.0,0.0,-0.05731546484000355,0.3326259974743818,-0.31984478324884036,-0.06325370856945206,0.14324142107326884,-0.08959132215234952,0.06766359511883302,0.08079180397817426,0.0,7.502248540975375,26.980345559405695,Backstepping_1
